expression	meaning	example	translation	level	kind	source	note
achieve	başarmak, ulaşmak	Small steps help you achieve your goals.	Küçük adımlar hedeflerine ulaşmana yardımcı olur.	A2	Kelime	Oxford 3000	
avoid	kaçınmak	I avoid checking my phone during meals.	Yemek sırasında telefonuma bakmaktan kaçınırım.	A2	Kelime	Oxford 3000	avoid + fiil-ing
make sure	emin olmak	Make sure you have your keys.	Anahtarlarının yanında olduğundan emin ol.	A2	Kalıp	Oxford Phrase List	
improve	geliştirmek	Reading aloud can improve your pronunciation.	Sesli okumak telaffuzunu geliştirebilir.	A1	Kelime	Oxford 3000	
notice	fark etmek	Did you notice the new shop?	Yeni dükkânı fark ettin mi?	A2	Kelime	Oxford 3000	
at least	en azından	We have at least an hour before dinner.	Akşam yemeğinden önce en az bir saatimiz var.	A2	Kalıp	Oxford Phrase List	
decide	karar vermek	We need to decide where to eat.	Nerede yemek yiyeceğimize karar vermemiz gerekiyor.	A1	Kelime	Oxford 3000	
offer	teklif etmek	They offered to help us move.	Taşınmamıza yardım etmeyi teklif ettiler.	A2	Kelime	Oxford 3000	offer to + fiil
as soon as	… olur olmaz	Call me as soon as you arrive.	Varır varmaz beni ara.	A2	Kalıp	Oxford Phrase List	
remind	hatırlatmak	Please remind me to call my sister.	Lütfen kız kardeşimi aramamı hatırlat.	B1	Kelime	Oxford 3000	remind someone to + fiil
require	gerektirmek	This job requires a lot of patience.	Bu iş çok sabır gerektiriyor.	B1	Kelime	Oxford 3000	
look forward to	dört gözle beklemek	I'm looking forward to seeing you.	Seni görmeyi dört gözle bekliyorum.	B1	Kalıp	Oxford Phrase List	look forward to + isim / fiil-ing
explain	açıklamak	Could you explain this rule to me?	Bu kuralı bana açıklayabilir misin?	A1	Kelime	Oxford 3000	
suggest	önermek	She suggested taking a short break.	Kısa bir mola vermeyi önerdi.	A2	Kelime	Oxford 3000	suggest + fiil-ing
take part in	katılmak	Would you like to take part in the game?	Oyuna katılmak ister misin?	A2	Kalıp	Oxford Phrase List	
consider	değerlendirmek, düşünmek	We're considering buying a smaller car.	Daha küçük bir araba almayı düşünüyoruz.	A2	Kelime	Oxford 3000	consider + fiil-ing
manage	başarmak	I managed to finish the work on time.	İşi zamanında bitirmeyi başardım.	A2	Kelime	Oxford 3000	manage to + fiil
in fact	aslında	The bag looks heavy, but in fact it's light.	Çanta ağır görünüyor ama aslında hafif.	A1	Kalıp	Oxford Phrase List	
available	müsait	Are you available tomorrow afternoon?	Yarın öğleden sonra müsait misin?	A2	Kelime	Oxford 3000	
likely	muhtemel, olası	It's likely to rain this evening.	Bu akşam yağmur yağması muhtemel.	A2	Kelime	Oxford 3000	be likely to + fiil
a few	birkaç	I have a few questions about the trip.	Gezi hakkında birkaç sorum var.	A1	Kalıp	Oxford Phrase List	a few + çoğul sayılabilen isim
enough	yeterli	We have enough time for a walk.	Yürüyüş için yeterli zamanımız var.	A1	Kelime	Oxford 3000	
although	… olmasına rağmen	Although it was cold, we went outside.	Hava soğuk olmasına rağmen dışarı çıktık.	A2	Kelime	Oxford 3000	
at the moment	şu anda	I'm working from home at the moment.	Şu anda evden çalışıyorum.	A1	Kalıp	Oxford Phrase List	
instead	onun yerine	The café was closed, so we went home instead.	Kafe kapalıydı; biz de onun yerine eve gittik.	A2	Kelime	Oxford 3000	
afford	maddi gücü yetmek	I can't afford to buy a new laptop yet.	Henüz yeni bir dizüstü bilgisayar alacak param yok.	B1	Kelime	Oxford 3000	afford to + fiil
so far	şimdiye kadar	I've read three chapters so far.	Şimdiye kadar üç bölüm okudum.	B1	Kalıp	Oxford Phrase List	
reliable	güvenilir	We need a reliable internet connection.	Güvenilir bir internet bağlantısına ihtiyacımız var.	B1	Kelime	Oxford 3000	
opportunity	fırsat	This is a good opportunity to practise English.	Bu, İngilizce pratiği yapmak için iyi bir fırsat.	A2	Kelime	Oxford 3000	
give up	vazgeçmek, bırakmak	Don't give up when things get difficult.	İşler zorlaştığında vazgeçme.	A2	Kalıp	Oxford Phrase List	
